Time(s),Strain(%)
0,0.00010900734833675271
1,-0.00014812605097053663
2,-0.00017918418289682465
3,5.655577852424838e-05
4,-7.398709318720504e-05
5,-1.8665020465702336e-05
6,-2.485627298951417e-06
7,0.00018828066528417316
8,4.022002048990268e-07
9,-2.0433168971098763e-05
10,6.092669152633316e-06
11,7.748669742455697e-05
12,-8.09448838929817e-05
13,0.00010921554839109134
14,-7.649042635445407e-05
15,0.00011696372551988168
16,-9.056736886715975e-05
17,5.657238434730575e-05
18,-0.00032980414257533874
19,0.00016977319667494468
20,-5.7441706747524e-05
21,-2.3048833596810116e-05
22,9.676004329498816e-05
23,9.059173744043677e-05
24,-3.9071732311432976e-05
25,-0.000156843889470054
26,-0.00010169902204035911
27,-7.627127600262759e-05
28,0.00015837506339179766
29,-1.6794649537930158e-05
30,-0.00019196052376823101
31,-3.807444926562684e-06
32,1.8839727782348557e-05
33,0.00013126111855548696
34,0.0001790673922347842
35,-1.6450606448917306e-05
36,2.9942349254364475e-05
37,-0.00011360882951252165
38,3.640477891370234e-05
39,0.00011735265709268575
40,-0.00011575728778879045
41,6.888091324840407e-05
42,5.436801271620994e-05
43,-2.3466574228936057e-05
44,-5.824711899232705e-05
45,-0.00011677727166693317
46,-0.0001112275510362264
47,6.77038512148632e-05
48,-0.00014526907021262216
49,-4.249310079343133e-05
50,0.0001620744005686335
51,2.481619326350121e-06
52,0.00010446097869901277
53,0.00013086471623666702
54,0.0001668609334519891
55,-0.00011651925651412059
56,-5.377417578305656e-05
57,-0.0001575970957429282
58,-8.883469858366739e-05
59,-7.564889454132154e-05
60,0.000103400512604999
61,3.5888757714669036e-06
62,1.2136047536584497e-05
63,3.5463875762792345e-05
64,0.00020062720081548904
65,2.203758785316757e-05
66,2.2413731637869382e-05
67,-2.4582392277467294e-05
68,0.00011408227432530105
69,1.5056194240934382e-05
70,1.2911996193625725e-05
71,7.476347111057846e-05
72,0.00010716697838858518
73,-6.887658767024883e-05
74,-0.0001587211444553957
75,0.00011855453250370039
76,7.170080716221406e-05
77,-0.00014732037119006303
78,0.00016334729998557657
79,-1.2500019548638677e-05
80,-2.9659664841501085e-05
81,1.5377849477349308e-05
82,6.887627998762153e-05
83,-8.974596247726674e-05
84,-1.8063122298188408e-05
85,0.00017315630249803413
86,0.00017105110036207263
87,4.4121777800216297e-05
88,4.7719578452169045e-06
89,7.11722792539123e-06
90,-5.7284998805361134e-05
91,-0.00018851511419472786
92,0.00013614472130942998
93,4.165031902259024e-05
94,4.3797158690964125e-05
95,-0.00012178783555047331
96,-5.465465867011549e-05
97,-4.039610794726907e-05
98,-9.572353343570337e-05
99,2.2196811874475725e-05
100,-0.00012559664454227956
101,0.00011659713239248842
102,4.225155014175118e-05
103,7.801270547069461e-05
104,-0.0001574990525258069
105,-3.795609054915678e-05
106,-3.313474275821534e-05
107,-0.00011472727784981043
108,4.607835411607257e-05
109,-0.00010378002345059437
110,0.00011814344263797687
111,-7.061138221258877e-05
112,-4.45243376033995e-05
113,3.279725141294769e-05
114,-0.00023425880646679245
115,1.3645148781552227e-05
116,0.00028646185677069406
117,-3.153363512731769e-05
118,2.7766748386489995e-05
119,0.00013623463130750594
120,9.74140097823696e-05
121,-0.0002767421495168794
122,-6.815997806097785e-05
123,7.552241418396172e-05
124,-0.00017058340571237405
125,5.0651216720356376e-05
126,0.0001214777033331187
127,-2.79369205889731e-05
128,-1.0215163678168048e-05
129,-0.00015842755643407077
130,0.00015298875505763388
131,7.312299146623193e-05
132,8.611656851878958e-05
133,9.087545559518097e-06
134,2.8450415353651145e-05
135,-7.896542301433596e-06
136,5.89404040660792e-05
137,0.00013770359986344202
138,-3.1286496674981706e-05
139,0.00012868497585937102
140,6.537856562013617e-05
141,-2.336237407238841e-05
142,0.00017950072487349697
143,-4.090468808222533e-05
144,-3.503996906684112e-05
145,-0.00011677678736675255
146,3.128489839214983e-05
147,1.5981419986322763e-05
148,-4.9049365779616105e-06
149,-5.504462029750742e-05
150,-5.7811796581529464e-05
151,-1.5030669480663697e-06
152,0.00021308964030729782
153,-2.283943340616902e-06
154,-0.00013591822630807353
155,-2.4794182281135807e-05
156,1.015516796499842e-05
157,4.989545095519142e-05
158,2.7560140130351913e-05
159,0.00016491396067348026
160,7.172219700057493e-05
161,7.879621777244383e-05
162,-5.413441203942399e-05
163,0.00012201090990083532
164,-0.00013715373703272805
165,-8.628120562570908e-05
166,-0.00010623105052008189
167,-8.966613264122396e-05
168,0.0001451494402305678
169,-6.632897656907754e-05
170,2.8370323305856612e-05
171,-3.3201416132288095e-05
172,7.892010167916082e-06
173,9.028913251559613e-06
174,0.00011855703402719114
175,-0.00016030950234835803
176,0.00010415753145183656
177,7.120806440808508e-05
178,6.339249607214559e-05
179,-9.257973935577912e-05
180,5.05523068721382e-05
181,-0.0001451657160603613
182,0.00016323516699642823
183,-0.00011957080845522495
184,8.243013619476979e-05
185,-0.00017269687736723584
186,5.937587099471272e-05
187,2.503440919238428e-05
188,2.7558977738943586e-05
189,-1.8880008413258583e-05
190,0.00019372073579196697
191,8.494934706822551e-05
192,5.041842965908516e-05
193,0.00017991448211316285
194,-6.848518260153374e-05
195,-4.0300549092393194e-05
196,8.75285017044539e-05
197,-9.974271696083642e-05
198,2.042466808944876e-05
199,-8.750371438782767e-05
200,0.00014578384531457867
201,-8.169586367440185e-05
202,-7.406027202315454e-05
203,2.4325713171543042e-05
204,0.00012996304071389894
205,-0.0001186503538821735
206,-3.698036331190578e-05
207,-0.00012118187740110341
208,-5.594813369796397e-05
209,5.313040832069809e-05
210,1.303303652578076e-05
211,-0.00013891939176023928
212,-5.850476203063964e-05
213,2.4056324262133808e-05
214,4.780579902998004e-05
215,0.00026431551728576494
216,0.00010224116286971286
217,-7.301899174990697e-05
218,-4.22201731203097e-05
219,-2.505649951273948e-05
220,-8.111031360402864e-05
221,0.00011045821042852904
222,-7.969788709667993e-05
223,9.868242631414128e-05
224,6.606988663552643e-05
225,3.991173734661877e-05
226,3.8603946744259286e-05
227,-9.80115142701185e-07
228,-0.0001015182495881157
229,-8.918524413181447e-06
230,-5.160259911683101e-05
231,1.7374703825223814e-05
232,5.254410160351913e-05
233,7.079128589577998e-05
234,1.5838860286227604e-05
235,-0.00023328815035748705
236,3.186540732809807e-05
237,-0.0001648079370458052
238,0.0001785114710758793
239,0.00010712868361035544
240,0.0001733624214013326
241,0.00010020998437924858
242,-6.633434366201684e-06
243,9.411480990953747e-05
244,9.726141427328078e-06
245,-0.00012735089804412667
246,1.2889067419531725e-05
247,-0.0001247269555141971
248,-3.2194164184488352e-06
249,0.00020620909101738883
250,9.609900956924157e-05
251,2.054152727434252e-05
252,-7.89017500363902e-05
253,8.446666365832875e-05
254,-2.316026761711199e-05
255,5.8634165937791964e-05
256,-0.00016502012422742033
257,-0.00018987800134443133
258,0.00022817819184663441
259,5.027585749511851e-06
260,-9.626325471565177e-05
261,-2.8497917114115444e-06
262,6.0544843422987804e-05
263,-0.0001070384686698025
264,-5.642007965387206e-06
265,2.475470498630615e-05
266,0.00010053687817136108
267,-8.900635042624703e-05
268,-7.702453123816816e-05
269,7.585379069747095e-05
270,5.8794992326994244e-05
271,-3.1894188443802985e-05
272,4.0936863192843384e-05
273,0.00018788181978030325
274,-0.00017550760273528536
275,-2.9201822742011008e-05
276,-3.6997028672024395e-05
277,-0.00016080429152895672
278,0.0001259274152381209
279,-0.0001797885865668578
280,3.80512200336139e-05
281,0.0001781896201087878
282,-2.6232864071319784e-05
283,5.7191005481568814e-05
284,-6.170335451641791e-06
285,0.00014317177905210867
286,-2.1913924196885334e-05
287,0.00011228667446827724
288,6.539139365208177e-05
289,-3.53499843433306e-05
290,0.0001087587139059107
291,-0.0001365587748951352
292,0.00010522948264565389
293,-0.0001487820949721757
294,4.851123407945595e-05
295,-0.0002488468695961779
296,-7.166414737962219e-05
297,-0.00012535388031750753
298,-8.396966327891265e-05
299,9.062822649386926e-05
300,-0.00011062317176027172
330,0.00015714681574876003
360,5.510467128852983e-05
390,-7.511374445301002e-05
420,2.274764310746019e-05
450,-4.5014218252405596e-05
480,-0.00020238083907331622
510,0.00014256059893096135
540,0.00016946378315051998
570,-5.874754465261656e-06
600,7.508689213020534e-05
630,0.00013328565316181377
660,9.875470772823349e-05
690,-2.6662691423400122e-05
720,6.732748525338934e-05
750,-0.00015778970247142625
780,0.00010885291227379526
810,2.761805400298415e-05
840,-9.210091521730375e-05
870,0.00013463961731355431
900,-2.669576016372598e-05
930,-0.00011907417927456635
960,0.00015165778858462547
990,-0.00014591517871814438
1020,0.00010887245112412734
1050,9.345748596114465e-05
1080,-6.013071185490219e-05
1110,8.307161259016293e-05
1140,-6.734136790260347e-05
1170,0.00017796229918047628
1200,-0.00013704085531042196
1230,-9.738578805707069e-06
1260,2.4773511633441158e-05
1290,3.70896032490843e-05
1320,3.041300656867886e-06
1350,-0.00010801097507708462
1380,-9.59605302166662e-05
1410,7.62205166361538e-05
1440,0.0001248829798179294
1470,0.00014266859676771213
1500,-2.2818676955546538e-05
1530,-5.159545429183901e-05
1560,-7.668726317208003e-05
1590,2.3240334391421434e-05
1620,-0.0001143812819129189
1650,5.0247766705251596e-05
1680,-7.901717852996231e-06
1710,6.902605511316255e-05
1740,7.443930963297004e-05
1770,0.00014088024542509474
1800,0.0001765711991692301
1830,0.00013510625707077462
1860,-4.4425363128304514e-05
1890,-7.771524472675681e-05
1920,2.646298794234197e-05
1950,8.162892567624686e-05
1980,7.205120538531792e-05
2010,8.625897236951608e-05
2040,-0.00016139024750612638
2070,-8.565225606518515e-06
2100,-7.62779998031351e-05
2130,4.9690327914529786e-05
2160,6.416319040921304e-05
2190,-6.4192318371538e-06
2220,0.00015129780778893017
2250,-1.1543047374903754e-06
2280,9.55852205089325e-05
2310,1.3337952931668893e-05
2340,8.191939272496806e-05
2370,-3.24009366495565e-05
2400,0.00014855612190356468
2430,1.3887944243474932e-05
2460,-1.4753024105202234e-05
2490,1.5524929365004936e-05
2520,-7.800956208697732e-05
2550,2.211992385702889e-05
2580,2.957278623215108e-07
2610,-4.3904555314247255e-05
2640,4.768095210354215e-05
2670,0.00011881201988316621
2700,2.615062902773337e-05
2730,-7.644609850292041e-05
2760,1.2413656648934815e-05
2790,-0.00012847283046333148
2820,0.00010876590420709454
2850,-4.810202038654517e-05
2880,-4.755981980236838e-05
2910,4.908001870684299e-05
2940,-2.994603157122315e-05
2970,2.6999664348427474e-05
3000,1.289159712776756e-05
3030,-0.00014718191460963437
3060,-3.257336940231456e-05
3090,-6.109740563948067e-05
3120,0.00012198317448604322
3150,3.757369982290264e-05
3180,-6.167398797852803e-05
3210,-3.7637594258138966e-05
3240,0.00022834549642322243
3270,3.328602493802183e-05
3300,1.7043520406020214e-05
3330,3.368974497075049e-05
3360,-4.573140303955451e-05
3390,-9.767977571561626e-05
3420,9.443293735440489e-05
3450,0.00021634180647985392
3480,0.0001269679287781382
3510,0.00011255891515799439
3540,0.00010117112707338931
3570,-2.9152429340281383e-05
3600,1.0249890760621796e-05
3630,-0.00013574773293959836
3660,2.670147707756938e-06
3690,-8.542235509622037e-05
3720,-2.6997859113759312e-05
3750,-8.281478326427924e-05
3780,-8.337406224408405e-05
3810,-4.517306055359392e-05
3840,3.7801573354156625e-05
3870,-0.00011017294757943468
3900,-4.634374127160843e-06
3930,-0.0002270689960443807
3960,8.138347804598446e-05
3990,1.4009927723741686e-05
4020,0.00014295708947866458
4050,0.00012252891620528916
4080,-0.00011653030782847339
4110,-0.00010437912804218792
4140,-0.00020295700213018587
4170,2.2187882411376674e-05
4200,-6.670463702558192e-05
4230,7.874876173797574e-05
4260,5.891962925511152e-05
4290,-3.512471102771355e-05
4320,4.711067563382363e-05
4350,3.13561559058479e-05
4380,-5.031919520349607e-05
4410,-5.790640136849838e-05
4440,-0.000268000616052868
4470,4.589394435241965e-05
4500,-7.233165244243226e-05
4530,8.916331534202898e-05
4560,4.887192470633989e-05
4590,-2.9542962022903836e-05
4620,-0.00015469574212218697
4650,0.0001623213582600316
4680,-0.00012458162583718288
4710,-8.728081234275097e-05
4740,0.00013571259562429472
4770,4.092543392143881e-05
4800,0.00010099229714470188
4830,0.00012574175355802288
4860,-3.196993456477039e-05
4890,-7.243043345264213e-05
4920,-0.00013224646736118532
4950,-3.621366887024459e-05
4980,8.590891422560817e-05
5010,4.864536612755588e-07
5040,-2.8556751331607527e-05
5070,-4.4751070099278425e-06
5100,-2.9069784211457463e-05
5130,5.413925468955575e-05
5160,-3.379105471943816e-05
5190,-5.727100592336611e-05
5220,-3.844458780094944e-05
5250,6.626497829670022e-05
5280,-2.526248971564346e-05
5310,-8.266464025267604e-06
5340,0.00014987819849125996
5370,1.4424155550374086e-05
5400,-7.696263501702163e-06
5430,-4.961426263328795e-05
5460,-4.205748981896568e-05
5490,5.7232746755517316e-05
5520,7.375382877047194e-05
5550,-0.00013205995959181607
5580,-1.1909570578328145e-05
5610,0.00012072737514178314
5640,-0.00020246421482360467
5670,2.674244263858345e-05
5700,0.00014583035582979313
5730,-3.1054944973488434e-05
5760,-0.000100067490487279
5790,2.1318697000950816e-06
5820,-1.697851067271504e-05
5850,0.0001308002519663485
5880,2.6242014056439058e-05
5910,8.228557866838983e-05
5940,0.00016172589689792346
5970,-6.323747013369503e-05
6000,-0.00018023670444153054
6030,0.00020671443796776697
6060,8.900078858418307e-05
6090,7.067398571076387e-05
6120,-1.5574967973661546e-05
6150,6.817377648126552e-06
6180,-1.7555373225338683e-05
6210,-0.00012332717659792062
6240,7.058214860421472e-05
6270,0.00010241170625137
6300,-7.254030833937982e-05
6330,3.6611873199752555e-05
6360,0.00020680352112093404
6390,-7.323536095573518e-05
6420,6.305359798823762e-05
6450,-3.59403185738507e-05
6480,3.721153401149575e-05
6510,-6.544559913966828e-05
6540,-5.948869473227485e-05
6570,9.758955670720903e-07
6600,8.895420887121987e-05
6630,8.1053421946559e-05
6660,0.0001343353139949735
6690,-0.0001502496026000859
6720,1.3902326290428966e-05
6750,9.299494880353467e-05
6780,1.4207869587149761e-05
6810,-1.10916164050736e-05
6840,0.00015886673762154435
6870,5.021715277766669e-05
6900,5.157987279059969e-05
6930,0.00010414297853007245
6960,-0.00012248616184174518
6990,0.00015166460717546152
7020,0.0001454462561421322
7050,-9.726085477328502e-05
7080,-7.450028536708648e-05
7110,9.339808193371383e-05
7140,-0.00012223595197849424
7170,7.468311324061676e-05
7200,-0.00016345165349918782
7230,5.288554867045172e-05
7260,2.535261426521292e-05
7290,2.942823984920006e-05
7320,-0.00016784296013249784
7350,-2.518419320682136e-05
7380,8.830511141825857e-05
7410,0.00010849904922766878
7440,-3.2235198115895274e-06
7470,0.00010445462889314928
7500,-7.098964797999989e-05
7530,8.87289448264338e-06
7560,2.707995363229152e-05
7590,-3.582933019575332e-05
7620,0.0001399179492640413
7650,5.9382341812660114e-05
7680,4.32435706348471e-06
7710,-0.00016139603618375238
7740,-5.412471773695729e-05
7770,9.606582568207064e-05
7800,0.00017633994172431492
7830,-2.4950252838175442e-05
7860,4.04999065818908e-05
7890,0.00014046402665309637
7920,0.00010419701273695782
7950,7.743924267049668e-05
7980,2.0281543418871826e-05
8010,-6.167790824221135e-05
8040,-3.257588870251291e-05
8070,0.00010574583959144453
8100,0.0002061904136738273
8130,4.4894431687739734e-05
8160,0.00012068004811880328
8190,-9.26558103205456e-05
8220,-0.00022799357205984495
8250,-3.2325527912718e-05
8280,7.534208277937205e-05
8310,5.377997850103342e-05
8340,9.782434221048227e-05
8370,0.000204696815544437
8400,-0.00011085708487632591
8430,6.284411493166615e-05
8460,2.6540210561223378e-05
8490,-2.0541007786518933e-05
8520,7.369502483721562e-05
8550,0.000123118852365727
8580,7.661773280184583e-05
8610,-9.328552837919334e-05
8640,0.00010423102716947338
8670,-8.609883379785802e-05
8700,-0.00011778787209529541
8730,0.00014974492756824364
8760,-0.00010579834917153138
8790,9.612212820451565e-05
8820,1.5418526486831556e-05
8850,4.2169070073871567e-05
8880,-0.0001855555865608545
8910,3.298468629810476e-05
8940,-2.2422574945799672e-05
8970,0.00014855512691874895
9000,4.973900440066216e-05
9030,3.575633695026168e-05
9060,5.5966117141696936e-05
9090,-5.5244554542494655e-05
9120,-0.00019492318152387813
9150,-1.1071622429638802e-05
9180,0.00011864756259277174
9210,-2.858158257980115e-05
9240,7.798995020695057e-05
9270,0.00020770277875062408
9300,-1.7239886166886896e-05
9330,4.8714448297598365e-05
9360,-3.5311053861117356e-05
9390,-0.00020603082732650768
9420,-3.9663398585016605e-05
9450,-2.0717468694360512e-05
9480,1.2794589061286316e-05
9510,-0.0001741322308220389
9540,4.9218145070896135e-05
9570,-1.933889252649584e-05
9600,3.625076812929657e-05
9630,0.0001049979307012589
9660,5.7788389504390014e-05
9690,-2.984328512463235e-05
9720,5.1737516066158756e-05
9750,-0.00017838024807177865
9780,-0.000108357408779224
9810,0.00011508722787673895
9840,-0.00019896208621186386
9870,-0.00016956890646339617
9900,7.952425068825513e-05
9930,0.00014348916768236157
9960,-3.6764529352671745e-05
9990,2.791880848867355e-06
9990,0.00010773190369152728
9991,8.72268032509252e-05
9992,2.826471452303449e-06
9993,-0.00016263521573213417
9994,4.73391156321987e-05
9995,-1.305438057984711e-05
9996,-0.00011645765931039836
9997,-3.652989188311961e-05
9998,-2.7195925494879782e-05
9999,0.00013392852705595832
10000,3.487635644926372e-05
10001,3.2491399624647966e-05
10002,4.003805411452954e-05
10003,0.0002840311580858778
10004,-8.754106349336681e-05
10005,-7.40811738806504e-05
10006,6.539076403863718e-05
10007,-7.689106084578291e-05
10008,2.246631879545027e-05
10009,8.552710165978393e-05
10010,5.503820660289628e-06
10011,-4.2183873759242794e-05
10012,0.00010675354940072762
10013,0.0002654147860737128
10014,0.0001463679506551845
10015,-7.73607903927621e-05
10016,4.2366309584426305e-05
10017,-3.9478854908516263e-05
10018,0.00015670866905409837
10019,0.00017059090055772738
10020,4.553749691682116e-05
10021,0.0001015079573613615
10022,-6.939338434344751e-05
10023,-1.1244832991565928e-05
10024,1.0079253808165084e-05
10025,0.0001022612249900035
10026,2.3189203670978138e-05
10027,-0.00010776453169979999
10028,0.00018871017839849994
10029,0.0001316713596280001
10030,3.3360137497255266e-05
10031,5.154226242179858e-05
10032,2.7823461198033822e-05
10033,5.903103934988903e-05
10034,-9.598311032761256e-05
10035,0.00010948372482021787
10036,-6.705865702976532e-06
10037,-8.132825158967236e-05
10038,-7.93695316481047e-05
10039,6.731117386220925e-05
10040,0.00011546128924105985
10041,0.0001013230625384477
10042,5.564428045869844e-05
10043,7.711129782346484e-05
10044,-0.00013200725489107131
10045,8.299572225013127e-05
10046,0.00018308722053329553
10047,1.8842219762207052e-05
10048,7.061590141207239e-05
10049,2.302716828986434e-05
10050,-9.917645753787949e-05
10051,6.996437402651097e-05
10052,-0.00013376093313530844
10053,5.7487507322004454e-05
10054,0.00010855600489463027
10055,-0.00014091959556970896
10056,-9.743482382909696e-05
10057,6.60875839614534e-05
10058,0.00012447751628030148
10059,-4.045217745851396e-06
10060,0.0001821309477079184
10061,5.093927806483694e-05
10062,0.0001187033568957306
10063,9.599217508734149e-05
10064,-5.347081961108116e-06
10065,0.00013207301372784627
10066,-0.00017048212772426453
10067,2.8591799792567902e-05
10068,0.00022081176650827695
10069,2.725332376737943e-05
10070,0.0001821952135400935
10071,-1.0513894397919898e-05
10072,-0.00020905099402472046
10073,-6.167987111936373e-05
10074,5.8543604797683206e-05
10075,0.00011539000425904684
10076,4.59255550039864e-05
10077,6.638395145098188e-05
10078,-0.0002591434321344356
10079,0.00010886369962478411
10080,1.6083793196198425e-05
10081,0.00010504489791630331
10082,-0.00016895076140383797
10083,-9.318219534310666e-05
10084,-5.726891085521439e-05
10085,-2.2706866514263167e-05
10086,-1.2083987625217523e-05
10087,8.270111157510797e-06
10088,-5.413172696579425e-05
10089,-4.324263644535973e-06
10090,0.00010775774732723412
10091,0.00019848148888027296
10092,-5.7853113250016376e-05
10093,-0.00016835719466327354
10094,-0.00020903980054188317
10095,-0.0001509306784158795
10096,5.5620890964097346e-05
10097,-0.00016919036536445288
10098,-6.133916513197637e-05
10099,-6.837234651658381e-05
10100,0.0001386925639174266
10101,-2.437532781219071e-05
10102,3.215288449446866e-05
10103,-8.392235509136941e-05
10104,-3.859052198821021e-05
10105,-5.0031118235638405e-05
10106,-0.00011908017913671636
10107,2.6431722992674902e-05
10108,3.7858220585978136e-05
10109,-6.695116175383655e-05
10110,4.565313386091337e-05
10111,-2.4909785575455897e-05
10112,2.6946067581323115e-05
10113,8.282851718918165e-05
10114,-2.996787729364903e-05
10115,1.1019253725552915e-05
10116,6.508545224411469e-05
10117,4.171126855488711e-05
10118,-5.557712458088414e-05
10119,-0.00013614561973322316
10120,5.2264201768520646e-05
10121,-2.4210163512094198e-05
10122,5.788485059568076e-05
10123,3.509177893863302e-05
10124,-2.2069536867840675e-05
10125,0.00012421126565196727
10126,9.897525838494943e-05
10127,0.00012752899408564997
10128,2.9727342703819128e-05
10129,5.7727769333156125e-05
10130,-7.264387848581663e-05
10131,0.0001972509872372145
10132,-3.6870866620780106e-05
10133,0.00021702987672209077
10134,6.087820350033996e-05
10135,-0.00011570456512102296
10136,0.00010906627700576388
10137,1.5106421925460759e-05
10138,-0.00014368628988745613
10139,1.7595923810667453e-05
10140,-7.963407351977914e-05
10141,-0.0001798057340827014
10142,-2.19042445002374e-06
10143,-3.3306408136007078e-06
10144,-5.7530323611722814e-05
10145,0.00014929756479266807
10146,1.2631823630126693e-05
10147,2.8032833187957276e-05
10148,0.0001277459220447237
10149,7.0173061706858e-06
10150,-0.00018573797445502093
10151,-2.4724319590842372e-05
10152,9.596516358324516e-05
10153,4.291739400177437e-05
10154,-1.5695691367401322e-05
10155,7.167951090363587e-05
10156,-2.008390442432884e-05
10157,-7.945713802929356e-06
10158,-9.989637193723163e-05
10159,3.7281957569062174e-05
10160,-7.809411430423836e-05
10161,-0.00019315299773452714
10162,-7.034022952082126e-05
10163,1.1769752466278818e-05
10164,-0.0001550611934439033
10165,7.571136427857452e-05
10166,2.6675013278572843e-05
10167,4.272651299355119e-06
10168,-2.7170282277885507e-05
10169,3.894541759248814e-05
10170,-7.943177520813598e-05
10171,0.00017209163033113836
10172,-1.024401374935398e-05
10173,5.180557558831182e-05
10174,-8.733707887621922e-05
10175,-4.5237293750542934e-05
10176,9.485666911114533e-05
10177,-8.163400481191852e-05
10178,5.67593011285911e-05
10179,4.3788079467072105e-05
10180,0.00013126329801837518
10181,0.00019275599841146236
10182,9.034880270213535e-06
10183,0.00016575022813634843
10184,-0.00011821081456456445
10185,-3.787975344754707e-05
10186,6.40109159424795e-05
10187,-8.061781100747882e-05
10188,8.076076895698761e-05
10189,0.00019171795569506995
10190,-2.479204066599759e-06
10191,-6.761090848684048e-05
10192,-4.017130471097152e-05
10193,-0.00020536683079862175
10194,-7.589178367344878e-05
10195,7.010358298975814e-05
10196,-4.7611853085102534e-05
10197,-8.432535105168325e-05
10198,-0.00022701073079039005
10199,9.040673237344191e-05
10200,-4.102858422969334e-05
10201,7.362132968632687e-05
10202,7.450391283437805e-05
10203,0.0001098032179859991
10204,-1.9118093609781993e-05
10205,6.313930741777978e-05
10206,4.3724411048906735e-05
10207,-0.0002832931362244106
10208,-6.369686587264639e-05
10209,0.00010658376627263027
10210,-8.493377557342356e-06
10211,4.8413206551516016e-05
10212,7.504653143572427e-05
10213,0.0002429284515941294
10214,4.882995979388245e-05
10215,0.00015825827978966972
10216,0.0002531278832332741
10217,-0.0001020022764991661
10218,0.00013302066893160084
10219,-6.653303598570114e-05
10220,4.5277029005140283e-05
10221,-4.7406755798159036e-05
10222,2.652657346137447e-05
10223,-0.0001230185209762592
10224,1.4737860655798377e-05
10225,0.00011370491940854388
10226,-4.575509724675073e-06
10227,-0.00016600857113481624
10228,0.00012521907683337574
10229,6.706618875590755e-05
10230,-8.415046628880623e-05
10231,4.4385753449445225e-05
10232,3.729747044208307e-05
10233,0.00024200778358912883
10234,5.274253789269896e-05
10235,-0.00010327833886988708
10236,-4.754409577049982e-05
10237,-1.006370677032761e-05
10238,4.530231664472117e-05
10239,7.773247842345236e-05
10240,-7.442866587964182e-05
10241,5.582839263546791e-05
10242,6.150125910905925e-05
10243,4.2919863423772075e-05
10244,-1.6193846073433816e-05
10245,-5.612869131531309e-05
10246,-8.96190585060814e-06
10247,-0.00023224378868619332
10248,-0.00014079183380957545
10249,-5.8706956101930044e-06
10250,-0.00011098081214721752
10251,0.00024607811636488214
10252,0.0002101323341376727
10253,-1.3365518456251255e-05
10254,2.2342702767647733e-05
10255,-5.892489352045679e-06
10256,0.00010216375890821515
10257,-5.733297804196571e-05
10258,0.00012721119056311546
10259,-0.00017355580539568283
10260,9.524285398935423e-05
10261,6.433193919104929e-05
10262,0.00011823868620089697
10263,6.870507948937552e-05
10264,0.00018232958278621169
10265,3.200998476514131e-05
10266,-2.6224435417369527e-05
10267,-3.573541048734143e-05
10268,0.00010076034706113966
10269,9.994756828314958e-05
10270,-4.8997323757957345e-05
10271,-3.425179368805126e-05
10272,-8.143037278171316e-05
10273,6.345494455359186e-05
10274,0.00012993318012898108
10275,-0.00012516287187728684
10276,7.219746342068381e-05
10277,-9.746312279903795e-05
10278,-3.626497930994616e-05
10279,-6.511207864352249e-05
10280,0.0001362049010865075
10281,-0.00012982834945661592
10282,3.685870636500139e-05
10283,-5.933299966048319e-05
10284,8.725127567952367e-05
10285,2.511774247805274e-05
10286,-6.40990483516825e-05
10287,9.35201896016024e-05
10288,-9.400377301111245e-05
10289,0.00017469886247386824
10290,0.0002193447695265027
10320,5.120097378609754e-05
10350,-5.637578602995822e-05
10380,0.00025960972456965466
10410,-0.00010728707628099976
10440,2.1958671836902905e-05
10470,-0.00028719168127754274
10500,-5.255481923952387e-05
10530,0.00012826118881583033
10560,0.00011234283566334793
10590,0.00011488662804354489
10620,3.3200488095629067e-05
10650,-2.9026004310517234e-05
10680,-6.767082237403308e-05
10710,-2.438890400227405e-05
10740,3.9177943435711885e-05
10770,3.029848173457352e-05
10800,-7.878454572202732e-05
10830,6.150986449069207e-05
10860,0.00014259288819713363
10890,0.00019819349451893531
10920,-2.862040811176479e-07
10950,0.00010325597006890314
10980,0.00022288028252793142
11010,8.393187999242883e-05
11040,5.3772932173750434e-05
11070,0.00014618497101882188
11100,0.00023942807746338125
11130,-6.45904408496097e-05
11160,-9.583414579969075e-06
11190,5.716905446376851e-05
11220,1.1715993468192061e-05
11250,-5.6108201161107986e-05
11280,-5.0340844124325915e-05
11310,-0.00010558208068320956
11340,-7.513693733344209e-05
11370,7.31292297848031e-05
11400,-3.4059254099267906e-05
11430,0.00018938860683289301
11460,9.242004444542207e-05
11490,-2.12060948975602e-05
11520,3.8721530218863224e-05
11550,-7.028300885951934e-05
11580,0.00015198317165760104
11610,-1.4264006314471589e-05
11640,-9.059469340919018e-05
11670,-3.6830613046003154e-05
11700,-1.992103968227238e-05
11730,0.00018997268315358316
11760,-9.814791727483487e-05
11790,-7.755598387069334e-06
11820,0.00010999417849492979
11850,-8.888156002199944e-05
11880,9.36819490855617e-05
11910,0.00017936957715067523
11940,-0.00017422884261261397
11970,-9.7850725722747e-05
12000,-0.0001897504922824825
12030,1.576756598556553e-05
12060,9.562225843324927e-05
12090,0.00014527965346853384
12120,-6.697746723952263e-05
12150,-1.946323847267629e-05
12180,7.6463066981456e-05
12210,3.713361455796117e-05
12240,-0.00012125205058932827
12270,0.0001717277198648711
12300,4.1160063811802995e-05
12330,-6.0876421209121894e-05
12360,8.362074348525004e-06
12390,-0.00010217930360034324
12420,-2.057358643022226e-05
12450,0.00027614132773851334
12480,-3.4028954292597255e-05
12510,-0.00010977277256655932
12540,3.18486002087803e-05
12570,-1.892221815214281e-05
12600,6.902863690150845e-05
12630,-6.343145797034243e-05
12660,3.3070582114279434e-05
12690,-1.6720748205044934e-05
12720,-9.373792037151812e-05
12750,-5.29209730875984e-05
12780,-6.368102009864794e-05
12810,-6.927562193755039e-05
12840,0.00012017060177598134
12870,-0.00015328164687220764
12900,-3.4422859649110506e-05
12930,0.0002377597522365028
12960,-5.308793293575276e-05
12990,6.629680716112445e-05
13020,-5.2066059951318526e-05
13050,-1.1117270206427232e-06
13080,-8.07959124548344e-05
13110,8.212413062022295e-05
13140,-5.6955313900364305e-05
13170,-7.695479054647168e-05
13200,7.736889861414263e-05
13230,2.0735366562965193e-05
13260,1.7155245259595155e-05
13290,8.372874175423881e-05
13320,-0.0001824971706925874
13350,5.572629373400944e-05
13380,0.00014205482390344825
13410,-5.336155648765041e-05
13440,8.471050733103773e-05
13470,0.00015169317420625112
13500,-7.944713463403337e-05
13530,0.00010320734891167924
13560,2.179679058950057e-05
13590,9.721908558902829e-05
13620,8.005681975120932e-05
13650,0.00012169966553017732
13680,-9.555619363036796e-05
13710,-1.979121966493496e-05
13740,-0.00012636978049122957
13770,-9.613488957099552e-05
13800,0.0002082911050243248
13830,-8.970389919982923e-05
13860,0.00018727563758360832
13890,-9.999256892342004e-05
13920,-3.849966137939036e-05
13950,4.552403708897481e-05
13980,-0.00010929776853576066
14010,4.539878918288288e-05
14040,-4.8210168731292045e-06
14070,8.400296967188645e-05
14100,-8.980312598136678e-06
14130,-0.00011216576779335619
14160,-8.29932956590866e-05
14190,6.203654817468644e-05
14220,3.0972952776090337e-06
14250,0.00011050608269318554
14280,6.895762758012044e-05
14310,-0.0001049126571067993
14340,-0.00016864607605300918
14370,-0.00013840441942887044
14400,0.0001585853489715876
14430,-5.310954636929831e-05
14460,-6.904195478962283e-05
14490,5.4939483585021355e-05
14520,0.00012898413017474515
14550,0.00011107049794638984
14580,-3.669861014012105e-05
14610,-2.7905051458045607e-05
14640,0.00013036689180558622
14670,6.81065558807312e-06
14700,8.943161112667852e-05
14730,-2.188228116922108e-05
14760,3.2914309185261375e-05
14790,-1.4507913503943827e-05
14820,-0.0002639066972750401
14850,2.462409511327008e-05
14880,3.1166830625892265e-05
14910,-8.830267780821758e-05
14940,-6.685776125432016e-05
14970,4.6808387502976324e-05
15000,9.296977290484147e-06
15030,-2.3199237011985805e-05
15060,-0.00013996280389316158
15090,3.4706629403361127e-06
15120,-4.147690497066672e-05
15150,-4.8269600038053534e-05
15180,0.00014345149618815397
15210,-2.828626088409806e-05
15240,-0.0001495932894163679
15270,0.00020681832090384172
15300,4.4302157944537295e-05
15330,-6.200462616983348e-05
15360,-0.00023938270348702312
15390,-4.889529718336006e-07
15420,4.1604245668282805e-05
15450,1.0362891775509042e-05
15480,0.00010757914519079298
15510,-0.00010672693763030675
15540,0.00011788898065819964
15570,2.9197637534077405e-05
15600,1.557816118455893e-05
15630,8.866165396710742e-05
15660,-7.105943901022409e-06
15690,6.475567524096771e-05
15720,1.6414637010027862e-05
15750,-2.3237737193993546e-06
15780,2.3054483987903293e-05
15810,-0.00017291865940253457
15840,-3.7444499645652756e-05
15870,4.881048186624016e-05
15900,0.00012129384191069365
15930,-7.037990253338482e-05
15960,0.00018776992913936897
15990,-6.455739872121324e-05
16020,4.5701598424552264e-05
16050,-8.750853905602627e-06
16080,-8.56167961057774e-05
16110,-0.0002554980063360694
16140,-5.2487121574337526e-05
16170,-9.837151919363119e-05
16200,0.00015722553528337024
16230,0.0002305061963177991
16260,-8.94976385499996e-05
16290,-1.501430217739045e-05
16320,-7.356787103310016e-05
16350,8.402890900752755e-05
16380,0.00013300729990596484
16410,1.1877125354995986e-06
16440,0.00015371599129756545
16470,2.3490069272296473e-06
16500,-3.178177303931884e-05
16530,-0.00025344501522455955
16560,-0.00020473207440573781
16590,4.527056491344231e-05
16620,-0.00019263846787893833
16650,-8.769151337650167e-05
16680,-2.6189873650262695e-06
16710,4.74021092832777e-05
16740,5.264165459605263e-05
16770,0.00015544527108388823
16800,0.00013457140060879142
16830,6.745235473590945e-05
16860,-6.48287778594041e-05
16890,7.46588206760443e-05
16920,5.076889565909173e-05
16950,-4.278266542420184e-05
16980,6.0943401451263185e-05
17010,-0.00011372726776804868
17040,-0.00014541242298352487
17070,-4.657718339749156e-05
17100,-0.00034378775529574616
17130,2.5272080624189082e-05
17160,8.476650108062784e-06
17190,-5.8625881917654636e-05
17220,-0.0001189058256995389
17250,-4.4913585333171095e-05
17280,-0.00015730240656599857
17310,1.2156071171391251e-05
17340,8.74158980338818e-05
17370,-4.767159119224575e-05
17400,9.574434235670205e-05
17430,-0.00012579923325543044
17460,0.0001621520636222167
17490,-6.035443333976877e-05
17520,-4.3276903737376726e-05
17550,-1.490074415954403e-05
17580,-0.00010604729315156263
17610,6.400630895126246e-05
17640,-2.0500586476988366e-06
17670,-0.00016906191114021463
17700,9.393822110174152e-05
17730,-2.5708986820694152e-05
17760,1.878544265319534e-05
17790,3.359810885076866e-05
17820,-2.8301248187466583e-05
17850,7.43898202491413e-05
17880,-1.571127539145598e-05
17910,-0.00018135277300597083
17940,0.00013515657986827768
17970,-1.778755724974709e-05
18000,-6.935724588384531e-05
18030,3.2604977598602874e-05
18060,-2.862837587583542e-05
18090,4.8109463805014885e-05
18120,-0.00011353957405901321
18150,-3.0073088553921983e-06
18180,-9.2519940597803e-06
18210,-1.281292145310115e-05
18240,6.405408100735959e-05
18270,7.325355588280397e-06
18300,0.00017400246598405373
18330,4.6116088800592005e-05
18360,6.250359589195071e-05
18390,0.000102828306998048
18420,0.00022262626847031834
18450,-9.224916347589514e-05
18480,-0.00012690889126275022
18510,6.527402696438239e-05
18540,3.274705213204316e-05
18570,0.00013465247318831524
18600,-8.75900258896151e-05
18630,9.823753987857562e-05
18660,-2.778914849332131e-05
18690,9.327273104432048e-05
18720,-9.751818037659678e-05
18750,2.9366013820155825e-05
18780,2.5231673479341644e-05
18810,-2.8694941186569697e-05
18840,0.00015402215209122224
18870,6.710809604721977e-05
18900,1.892563697595166e-05
18930,1.8065483101481017e-05
18960,9.190934774455532e-05
18990,-0.00017381905133053636
19020,-0.00021167449983240224
19050,-0.00010211702699810115
19080,2.377396154136555e-05
19110,-9.208378392057746e-05
19140,-0.0001176331235245098
19170,6.316582754099018e-06
19200,-0.00017749755725986882
19230,2.325924732768636e-06
19260,-1.4718462697163977e-05
19290,0.00017828313244482665
19320,-2.2381304328065062e-05
19350,-6.144116799327687e-05
19380,2.6724823988572832e-05
19410,6.507155882890341e-05
19440,-4.5104931529164935e-05
19470,-1.1928667186165444e-05
19500,0.0001138212668195628
19530,-0.0001115532194212639
19560,-2.3324954490424143e-05
19590,7.626407339075467e-05
19620,1.978220266870511e-05
19650,-1.8297235728380983e-05
19680,-6.937538696256516e-05
19710,0.0001647968301065842
19740,8.968351281684785e-05
19770,7.545862771914292e-05
19800,6.000012052305174e-05
19830,0.00012572075742973786
19860,-5.466386139833819e-05
19890,9.952140909124064e-05
19920,0.00010973805364689275
19950,-5.638033735264524e-05
19980,6.787688864566782e-05
19980,-0.0001905860289154031
19981,4.6448367137205165e-05
19982,0.000215544140155221
19983,-4.454716196954101e-06
19984,-9.879477331610217e-05
19985,1.2030800450957687e-05
19986,3.826498266080125e-05
19987,3.3856754516274643e-05
19988,-0.0001047497497042967
19989,3.839285526976585e-05
19990,1.1001791273058754e-05
19991,-1.256753186113258e-05
19992,0.00010797908033292462
19993,1.5599539578058335e-05
19994,3.7770306039521964e-05
19995,-5.756112373596082e-05
19996,1.1129198668934715e-05
19997,-0.00014631181383203214
19998,-9.419618279765698e-05
19999,6.470873873453096e-05
20000,-0.00018161793308436712
20001,7.417226571099396e-05
20002,-3.5955279876256174e-05
20003,-0.00022510138143699452
20004,6.701670264001076e-05
20005,9.381028959170638e-05
20006,-3.432689330979163e-05
20007,8.510387632747334e-05
20008,-0.0001305853880220958
20009,-7.576346415244559e-06
20010,6.938621460437106e-05
20011,-9.04790374388204e-05
20012,-1.2776899916271728e-05
20013,-8.430120376892937e-05
20014,-0.00021253732545341238
20015,8.910599544992043e-05
20016,3.265420116032183e-05
20017,-0.00011086697884630839
20018,0.0001067751712166055
20019,0.00015068736736741033
20020,-3.0888053068528446e-05
20021,-4.071006995766763e-05
20022,0.00010015461316311878
20023,-7.131147015333756e-06
20024,-0.000203899871663746
20025,-4.884399657681369e-05
20026,-0.00011632843974853514
20027,0.00013512000548607274
20028,-0.0001581915473264103
20029,0.00011726519426037625
20030,-2.676486445797378e-05
20031,0.0001114027131966655
20032,-1.3156828811067196e-05
20033,9.195219426181666e-05
20034,-1.3351057560162785e-05
20035,3.557383325199111e-05
20036,-2.999851728968406e-05
20037,1.3222601417071334e-05
20038,9.188479596424096e-05
20039,-6.816758383344753e-05
20040,-7.530017592319412e-05
20041,-1.5656338294902996e-05
20042,5.7831031362550946e-05
20043,-3.8472086124507245e-05
20044,-5.237087543902565e-05
20045,-7.735733653035817e-05
20046,5.4406685327905706e-05
20047,-1.2736341876209804e-05
20048,-1.315470597276863e-05
20049,-0.00019149869921435635
20050,-0.00018863382753012465
20051,-0.0001312888232538733
20052,-7.728640623115595e-05
20053,0.0001830291900759352
20054,-6.629192079630982e-06
20055,3.0633930603548936e-05
20056,-1.689398249500057e-05
20057,9.666895660782045e-05
20058,3.000983958160624e-05
20059,4.1610140797305316e-05
20060,0.00010065358094091172
20061,5.8948371032209356e-05
20062,-4.0696584906011615e-06
20063,-0.00024094399202174941
20064,-6.669738156841779e-05
20065,-1.1662408286078199e-05
20066,9.385009177088019e-05
20067,-0.0001233361339858021
20068,0.00011559299083931319
20069,-0.000241992656137744
20070,1.3233358796268744e-05
20071,7.409822450440215e-05
20072,-0.0003042269380606643
20073,2.0057274271386846e-05
20074,0.00017969115691095339
20075,-7.95681669837422e-05
20076,5.642362006431202e-05
20077,-0.00011601337738286407
20078,-8.82484654258327e-06
20079,-4.34221628904172e-05
20080,-1.352635155235934e-05
20081,6.963490658746488e-05
20082,-0.00011855363625623825
20083,7.338528498460352e-05
20084,0.00013814577895387279
20085,-5.229452176807024e-07
20086,-5.0437959729325266e-05
20087,-6.026573803886931e-05
20088,9.871505550594634e-05
20089,-5.572212993392498e-05
20090,6.26645380835608e-05
20091,2.8956566795145522e-05
20092,2.966287374835839e-06
20093,2.821962629278056e-07
20094,-0.00013159636903154267
20095,-1.6983489627360598e-05
20096,-2.8108978809961145e-05
20097,0.00010896628883495267
20098,0.00012015778506415224
20099,8.111135267172298e-05
20100,-0.00013541263690698718
20101,-3.4294368622077e-05
20102,-6.6370115419218645e-06
20103,-4.348608342410914e-05
20104,-0.000186017013669395
20105,1.7993205415313677e-05
20106,0.0001279348119186259
20107,-2.5726530751334064e-05
20108,7.594314673861223e-05
20109,-3.351439976863968e-05
20110,-3.116760313811634e-05
20111,-7.768232055581611e-06
20112,-8.517188549522662e-05
20113,5.693426539796009e-05
20114,-9.804412724970451e-06
20115,2.4413288223184765e-05
20116,5.216358375601978e-05
20117,8.82989715279271e-05
20118,-4.374252039069768e-05
20119,0.00013964460428279263
20120,-0.00015921493436588092
20121,-8.801966588856006e-06
20122,-1.2780956762118052e-05
20123,0.0001308159722346903
20124,7.430357069189966e-05
20125,-0.0001798122014048217
20126,-2.2484360531088032e-06
20127,1.1743391376530386e-05
20128,0.0001624855862440853
20129,5.7780191288443194e-05
20130,-0.00014854171431978957
20131,-5.3576698749699184e-05
20132,3.605916351677116e-05
20133,6.445857730504357e-05
20134,-0.00010502009164510538
20135,-9.375604697184139e-05
20136,-5.8327129359629215e-05
20137,8.652388385000452e-05
20138,7.323459829349496e-05
20139,-8.679195445151034e-05
20140,7.064788828134743e-05
20141,8.463303630925385e-05
20142,-8.42699972573263e-05
20143,0.0001770062812987652
20144,-5.692216601831658e-05
20145,-0.00010980902504777002
20146,-0.00011496624387917325
20147,7.746141263434184e-05
20148,-0.00018603012477021787
20149,-4.226219416107868e-05
20150,0.00030925225868329753
20151,4.230298855516983e-05
20152,0.00010616457143072969
20153,0.0002639662634915554
20154,-6.571054677883359e-05
20155,7.21111913261442e-05
20156,7.72168894671417e-05
20157,-0.00013652163469218871
20158,3.9614185395616e-05
20159,-1.681551098395157e-06
20160,7.412829633423363e-05
20161,-8.914899722638169e-05
20162,-7.598458729164131e-05
20163,-0.00010483632550496525
20164,0.00014762202579558656
20165,0.00010176750288988062
20166,7.318979364381588e-06
20167,1.230754813437666e-05
20168,-0.00021481970268875808
20169,-0.0001230712412710387
20170,-3.5680138915575295e-05
20171,9.755422106486302e-05
20172,0.000247014349823861
20173,0.0001784428573961699
20174,1.844442888487451e-05
20175,2.8374055544460714e-05
20176,7.6671529270494e-05
20177,0.00014916786507105143
20178,-6.432363729617957e-05
20179,0.00015781300306846302
20180,-3.7630943727180906e-05
20181,6.259104673667201e-05
20182,-3.93170167502028e-05
20183,-0.0001272788847621745
20184,5.196725012930068e-05
20185,8.737246399881276e-05
20186,1.809852079445202e-05
20187,2.305745966131218e-05
20188,0.0001295389490167061
20189,1.1104733339209778e-05
20190,-6.016354513094285e-05
20191,3.159328943498994e-05
20192,7.834144001667034e-05
20193,-5.491658314856557e-05
20194,9.834457884456632e-05
20195,3.571898677663821e-05
20196,-0.00011197130144347183
20197,0.00011190829437351215
20198,-4.323989253229937e-05
20199,-0.0001268375813454777
20200,0.00015333688035658075
20201,9.647931610951517e-05
20202,-8.82370439728283e-05
20203,-0.0001303475266827714
20204,6.937543771515059e-05
20205,3.1369985753164524e-05
20206,1.0915864889332776e-06
20207,7.19443450895513e-05
20208,7.200024148630544e-05
20209,-5.52748949463297e-05
20210,9.938096751229877e-05
20211,-9.687802863643451e-05
20212,-0.00010799975066175397
20213,0.0002630430240032695
20214,1.8021245172455582e-05
20215,-3.9602965402009986e-05
20216,-0.0001980534581409651
20217,7.770988484125021e-05
20218,-1.0190845989911655e-05
20219,-9.578510129431723e-05
20220,0.00014667294120960785
20221,0.00016243514254293015
20222,-8.457324779466186e-05
20223,-0.00021078714849488724
20224,-0.0001073852679409085
20225,-6.301336740471683e-05
20226,-5.154759760466311e-05
20227,0.00014424566405408119
20228,-6.696455415838042e-05
20229,-9.006360932401783e-05
20230,-0.00011408644083802795
20231,-0.00011413891705618844
20232,-0.0001175227024100692
20233,1.2254457678748415e-06
20234,-4.7717487020398244e-05
20235,7.463306565126577e-05
20236,0.00020188436046216578
20237,5.534348201478977e-05
20238,-9.93410565158619e-06
20239,3.9055296339072216e-05
20240,-4.7898698867845e-05
20241,-0.00017260269556497313
20242,-0.00013674264129874734
20243,-1.2538536800550341e-05
20244,-0.00011314119561024334
20245,-0.00012042175429640923
20246,-0.00026474400647865526
20247,-1.8473963597041195e-06
20248,3.798317987633055e-05
20249,7.684069135976877e-05
20250,-0.00010264974529022056
20251,2.2302002650674318e-05
20252,-1.7294448899206466e-05
20253,-3.6197504315284594e-05
20254,4.4584889573193725e-05
20255,-3.80764184473556e-05
20256,4.543339065270318e-05
20257,-7.756401938123673e-05
20258,0.00010299376455088252
20259,-0.00011984322783262286
20260,-0.0002607578329843434
20261,9.406396336877135e-05
20262,-4.7217340097403357e-05
20263,-4.484991680917424e-05
20264,4.665511824591512e-05
20265,-6.696242165591639e-05
20266,1.3024489393875544e-05
20267,7.4865333833256154e-06
20268,9.632532382911958e-06
20269,5.830397749387618e-05
20270,-7.540540023251986e-05
20271,-6.66216799848721e-06
20272,-5.269457685815196e-05
20273,4.7119901646114366e-05
20274,-9.176810985642363e-05
20275,-0.000104483322570195
20276,-4.899578912144377e-05
20277,7.98586087322086e-05
20278,-7.766866582823271e-05
20279,-5.993848470974629e-06
20280,0.00018731705954681227
20310,-7.362665890030566e-05
20340,5.8000546002063014e-05
20370,-0.00015930177446278897
20400,-3.0784344089918825e-05
20430,6.751294500712218e-05
20460,6.698935577178718e-05
20490,3.8449235090180156e-05
20520,9.821691816032527e-06
20550,1.0448349643096417e-06
20580,-4.4895650157536915e-05
20610,-0.00012947863114484665
20640,4.0790520715992095e-05
20670,-6.421528590677939e-05
20700,-1.6510890192307288e-05
20730,0.00017194052404015668
20760,-0.0002181484185246149
20790,-0.0002486212605306049
20820,3.48195444343393e-05
20850,9.189974050364601e-05
20880,8.084573466915279e-05
20910,-7.864800208751507e-05
20940,0.00013254231578703788
20970,5.6298119099013226e-05
21000,4.6541790089240364e-05
21030,9.932494375860665e-05
21060,5.0951934303271984e-05
21090,3.08533292544044e-05
21120,2.2924529741816435e-05
21150,9.58311125012424e-05
21180,-6.602913851055292e-06
21210,-2.6108469263847836e-06
21240,-8.3221550011539e-05
21270,-8.265079921777446e-05
21300,-5.263421930955769e-05
21330,1.0568448258413052e-05
21360,-0.00012981928641017212
21390,-0.0002184883278144443
21420,-7.320851285578423e-05
21450,6.111476250345264e-05
21480,-7.611276790238154e-05
21510,-8.152287004517189e-05
21540,-4.2524511182930113e-05
21570,0.00016008677296788697
21600,0.00013749328244263946
21630,0.00020112330003761714
21660,-0.00012513500755169173
21690,5.668489642307271e-05
21720,-7.362540254940954e-05
21750,-0.00016982447252320937
21780,-0.00017570813242289695
21810,8.68821616804955e-05
21840,0.00015257160217056396
21870,-7.348773076823421e-05
21900,0.00010094605777555575
21930,-4.289435513381823e-06
21960,6.803612715823839e-06
21990,0.00010640941612930135
22020,8.569700049212508e-06
22050,5.7474523783700005e-05
22080,0.00013596370889464656
22110,-4.908473193360056e-06
22140,-0.00011163211588410452
22170,-4.042040453816056e-05
22200,-4.498804690650308e-05
22230,-0.00010256270614839239
22260,-9.377111411409917e-05
22290,-9.294115065569526e-06
22320,0.0001642768991942896
22350,3.4714162849203666e-05
22380,-5.36618058679151e-05
22410,-0.00011136949530253242
22440,5.804666525646577e-06
22470,3.251413498501177e-05
22500,-9.921656528461406e-05
22530,-9.725105536442895e-05
22560,-0.00015133676201648484
22590,-3.2293945167805584e-05
22620,3.23650011007181e-05
22650,-7.037396792328852e-05
22680,0.00022858333141564208
22710,-0.00010837856010803391
22740,-9.417005886482407e-05
22770,-2.1569549560018796e-05
22800,-2.4573602047359828e-05
22830,-2.6169395646114188e-05
22860,0.00010773211975898256
22890,-3.251864841811542e-05
22920,-8.188193429512952e-06
22950,-7.15374949991822e-05
22980,-2.8313789289562874e-06
23010,-5.91400892212905e-05
23040,-0.0002563315794971751
23070,8.423498427307729e-05
23100,-0.000167632793511018
23130,-0.0001044498294748277
23160,-0.00011261813219905613
23190,-7.317787454644966e-05
23220,-4.314678638032292e-05
23250,0.00012418117071612183
23280,-0.00013735581800298013
23310,3.7056663286488755e-05
23340,-0.00013173252033640406
23370,-7.343443921709682e-05
23400,-0.00011240511540863417
23430,-0.00013496963067990343
23460,0.00012984557866557348
23490,8.670239572915319e-05
23520,-7.19167316589076e-05
23550,5.5315302445565996e-05
23580,6.792071639075068e-05
23610,-2.500006972920777e-05
23640,3.036095645049541e-05
23670,-6.503938318308315e-05
23700,0.00012669757488066341
23730,1.305946391829197e-05
23760,1.8167906720133818e-05
23790,0.00011153657378526015
23820,4.3648319923255496e-05
23850,-8.194680193640959e-05
23880,-3.446851419461635e-05
23910,1.582851064582262e-05
23940,-6.77544154928322e-05
23970,1.4631278007997709e-05
24000,1.2504462742759676e-05
24030,1.457213954323476e-05
24060,-5.938517631401948e-05
24090,-0.0001223486384916884
24120,6.176696595099197e-05
24150,-0.00010280418342321593
24180,-0.00014096394692999676
24210,3.1329489990240105e-05
24240,-2.7648798534209046e-05
24270,3.312356074964356e-05
24300,4.614404933981774e-05
24330,5.061016684055379e-05
24360,1.628795486824861e-05
24390,3.492518304951488e-05
24420,-5.0138733722733077e-05
24450,-5.409054666771368e-05
24480,-2.249811185465916e-05
24510,1.4178587303949206e-05
24540,-9.637276223013649e-05
24570,-5.764085132415718e-05
24600,-5.252499519318126e-05
24630,0.000179656675519234
24660,-4.456155973670111e-05
24690,4.330530308496365e-06
24720,-3.4830681040974783e-06
24750,2.9110327903163393e-05
24780,0.00025702040693553063
24810,-4.477259209598444e-05
24840,-3.2942628851151705e-05
24870,5.4617323789747844e-05
24900,-0.0002105020480731664
24930,0.00010735341947661573
24960,0.00010925914566564806
24990,-2.9431979865509946e-05
25020,2.421029179968513e-05
25050,3.369691578218785e-05
25080,-3.192746941159902e-05
25110,-9.889580159988632e-05
25140,-0.00010108163586809708
25170,7.078607927058853e-05
25200,-0.00010332550950685982
25230,-3.1635623033624046e-05
25260,-5.2415974287575475e-05
25290,-7.79365011992554e-05
25320,-2.9372328201454593e-05
25350,-2.6416463351037496e-05
25380,-6.404515765577765e-06
25410,-3.65264976909476e-05
25440,9.259480123095192e-05
25470,-7.201479050061196e-05
25500,-0.00016801956788633707
25530,2.942315266243676e-05
25560,-0.00010350446542267806
25590,0.0001906712193697633
25620,7.168481535939612e-05
25650,4.269885278235684e-05
25680,6.303660158993067e-05
25710,-4.811559439414753e-05
25740,-0.00011453032857937
25770,-3.1199961063171455e-06
25800,-3.562677811459629e-05
25830,1.0932546462833456e-05
25860,0.00018818655249620115
25890,-0.00010855435941745168
25920,-5.592769850766317e-05
25950,3.1780057764799573e-05
25980,0.00019347127151408258
26010,-0.00016163641084802178
26040,-1.3929650135380901e-05
26070,2.0136539557879117e-05
26100,-4.8220947310441234e-05
26130,-3.811434226373189e-05
26160,-2.600679183503237e-05
26190,-0.00011797251578504911
26220,6.376321038480671e-05
26250,0.0001653558094376496
26280,2.2481876046013303e-05
26310,-4.5611473802469434e-05
26340,9.181753730550867e-05
26370,-3.563449137223272e-05
26400,3.004881784477191e-05
26430,1.215157540507349e-05
26460,-5.78035475680732e-05
26490,-2.689752326044273e-05
26520,1.5066051452170369e-05
26550,-1.98048723184107e-05
26580,-6.855754742523223e-05
26610,0.00012180024288307791
26640,-1.2305310214480482e-05
26670,-7.236869754006797e-05
26700,9.707506706135824e-05
26730,-4.3060357034501726e-05
26760,-1.265551873199817e-05
26790,3.205554054349769e-05
26820,0.00014865467897496508
26850,2.3814332757763434e-05
26880,6.532471695287184e-05
26910,4.902505271738563e-05
26940,0.00020652201805093415
26970,4.446559675738306e-05
27000,-3.014788255442685e-05
27030,-0.00016018023923776304
27060,9.454640884131646e-05
27090,6.708378129910048e-05
27120,1.880971490941478e-05
27150,-5.242434363490486e-06
27180,-6.980713297780522e-05
27210,6.644272224392241e-05
27240,0.0001184431207278927
27270,0.0002021653574769908
27300,6.127389842006874e-05
27330,-2.30261829150592e-08
27360,-0.000140870205265967
27390,-6.00722899079939e-06
27420,0.0002637144604352287
27450,9.587797024160566e-05
27480,-6.142889535413455e-06
27510,4.967602753049912e-05
27540,-2.2782966513066493e-05
27570,3.067987165364647e-05
27600,-0.00026384200916132635
27630,0.0002238443831921285
27660,5.566434583169823e-05
27690,0.00011071921650830252
27720,0.00013003308531006952
27750,8.017625261595085e-05
27780,-1.88237249554449e-05
27810,5.5141852522664563e-05
27840,4.964587000832343e-06
27870,-1.7293171641195054e-05
27900,-2.36021322616951e-05
27930,6.568906949615235e-05
27960,0.00015294755925755017
27990,-1.803627912364648e-05
28020,-3.400695576273445e-05
28050,4.8006640263836294e-05
28080,-1.9357249840230075e-07
28110,4.223677248296497e-05
28140,3.647809754931374e-05
28170,-0.00020779363254466965
28200,-0.00019476035965758037
28230,1.743143474928319e-05
28260,-1.941547755694078e-05
28290,-7.432825371172643e-05
28320,-4.7380867067552574e-05
28350,-5.935447866095479e-05
28380,0.00014484579185640946
28410,-6.936396886916256e-05
28440,0.00022174059717123523
28470,2.956849972095367e-05
28500,8.72639434541981e-05
28530,0.000131696203287916
28560,2.6375934677787926e-07
28590,6.164115889613983e-05
28620,-0.00019171234740542335
28650,0.0001188830539972314
28680,8.983963603934129e-05
28710,-0.00015304051437156537
28740,-5.503572491777847e-05
28770,-0.0001231665353948954
28800,-2.0762579144377416e-05
28830,-0.00014822544294447752
28860,9.086202060573939e-05
28890,-4.183716495050757e-05
28920,2.2405838809397443e-05
28950,7.079313696369981e-06
28980,6.994880784086552e-05
29010,0.00015315836567511256
29040,-1.1200245890602518e-05
29070,-6.098277830104723e-06
29100,-2.9273475439794907e-05
29130,0.00016350950519037922
29160,-5.1495208758865264e-05
29190,7.760068018085144e-05
29220,-0.00010844257627222252
29250,4.3877621361378e-05
29280,0.00012552718670876328
29310,3.611662157675701e-05
29340,-6.786371071070344e-06
29370,-4.0367731472508515e-06
29400,9.132772487509258e-05
29430,0.00014397112066882867
29460,0.00013016305336516624
29490,0.00012407945330601144
29520,-6.150392648641791e-05
29550,-6.216062981840041e-05
29580,-8.69070049502411e-05
29610,-0.00010725472578660516
29640,-5.7665812947215124e-05
29670,-3.840189564036754e-05
29700,-4.373136290032122e-06
29730,5.836606185901756e-05
29760,0.00012250594783869124
29790,-4.5777545955370606e-05
29820,-6.510422108211329e-05
29850,-3.282652591159452e-05
29880,-6.561639041975044e-07
29910,5.434334240134766e-05
29940,-3.5269028582002884e-05
29970,3.630933100116244e-05
29970,8.174739067719825e-05
29971,8.911344219311864e-05
29972,-0.00022978044185139468
29973,3.8130794910057424e-05
29974,-0.00024201455403059834
29975,6.548977483036175e-05
29976,-3.6404106207998806e-06
29977,-3.2714853947502445e-05
29978,6.194478873014055e-06
29979,-8.517495006598443e-05
29980,-4.0023799451330954e-05
29981,-0.00024444891875034677
29982,6.790339307857135e-05
29983,4.8657120366766174e-05
29984,-2.1699930113028677e-05
29985,6.389956249144395e-06
29986,-0.00010083253260700306
29987,-4.835019969420635e-05
29988,-0.00011135938556019825
29989,-0.00013782200267619752
29990,6.706569329140764e-05
29991,7.200178621630827e-05
29992,-0.00010731744732603976
29993,4.961778853433276e-05
29994,0.00010110908144109745
29995,0.00019685844573211146
29996,9.566687804033447e-05
29997,3.2054687381422786e-05
29998,5.5953099508459525e-06
29999,0.00020880956557800895
30000,-2.5662786316786225e-05
30001,-2.0343295894083616e-06
30002,-2.713105545842008e-06
30003,9.251019664910162e-05
30004,-7.585996576856539e-05
30005,3.827366120586731e-05
30006,2.8094114395961514e-05
30007,5.5856314055628076e-05
30008,0.0001323255551294006
30009,-3.3494731839064584e-05
30010,-9.725000014237376e-05
30011,9.010945609155709e-05
30012,0.00016307280132125469
30013,0.00017582067629860285
30014,0.00017072132602620184
30015,-4.1760760596801565e-05
30016,-0.0001853490025231509
30017,8.429937248109926e-05
30018,-0.0001434433731886135
30019,8.126542364279339e-05
30020,0.00010322031333915469
30021,-0.0002014196070495118
30022,-1.2732210554928676e-05
30023,-7.414969199470343e-05
30024,8.842495621497689e-05
30025,1.4151634467950708e-06
30026,5.291807422534422e-05
30027,3.99166751811614e-05
30028,5.9248174256030394e-05
30029,3.737877368693628e-05
30030,-3.82624260894139e-05
30031,-0.00012050473811401251
30032,2.466262786512927e-05
30033,-0.00013637277483093772
30034,0.00010424457092868778
30035,-5.623679964095564e-06
30036,-6.968608798806747e-05
30037,-0.00018943200369455872
30038,6.473286645966608e-05
30039,0.00010739318426662281
30040,-8.724022256077767e-05
30041,-0.00015730945108889853
30042,-7.216486071689451e-05
30043,0.00019486731004717217
30044,-0.000108219684452881
30045,-5.9041507368143964e-05
30046,-0.00023662551579823428
30047,-0.000137234906010258
30048,-5.373711744515777e-05
30049,-0.00020873697883801428
30050,-4.110446357936324e-05
30051,8.621485723724753e-05
30052,0.00013795439566509425
30053,-7.06606166828947e-05
30054,-1.709528228784672e-05
30055,3.84630114575898e-05
30056,0.00017945743488010597
30057,-0.00010023723563767191
30058,2.1667869250476274e-05
30059,0.00012942405619021375
30060,5.596294645374731e-05
30061,3.3144412541403036e-05
30062,-3.1509209924830793e-05
30063,0.00014059141243871125
30064,2.999864102527619e-05
30065,-5.994198497870144e-05
30066,0.00014547737974225267
30067,0.00016601528962727248
30068,-5.028473577979663e-05
30069,3.189314173147498e-05
30070,3.881969426488168e-05
30071,-6.527538829350896e-05
30072,3.1204561380743495e-06
30073,-3.0096321352103847e-05
30074,4.861539037292891e-05
30075,0.00014840257926006703
30076,-3.436137680331633e-05
30077,5.756623382794037e-05
30078,2.2789712013474403e-05
30079,-5.589249170092164e-05
30080,-5.597512427655919e-05
30081,0.00013234862950563543
30082,-9.245515979620424e-05
30083,-2.689439993027304e-05
30084,-9.744872387849159e-05
30085,0.00011519677673529834
30086,3.750911439296137e-05
30087,-0.00010236518109750532
30088,5.519153909715633e-05
30089,-2.7050229764303124e-05
30090,7.708206324787617e-05
30091,-2.1150078388667115e-05
30092,0.00010577011586023154
30093,7.719787176227272e-05
30094,-0.00011399761148400727
30095,-0.00010730075255989649
30096,2.872404015966231e-07
30097,1.680580368011645e-05
30098,-2.002510726317712e-05
30099,6.944404614616333e-06
30100,0.00010979513137014705
30101,6.7312272364456e-05
30102,-1.8191165519215615e-05
30103,-0.0001221236870649088
30104,5.275085574282992e-05
30105,0.00013517927571862198
30106,7.845828720985639e-05
30107,-7.78699904132423e-05
30108,8.683614065072031e-05
30109,-4.2758386759985264e-05
30110,-5.4044387657678974e-05
30111,-3.6840888945505474e-06
30112,3.198624164128737e-05
30113,-2.474990952707688e-05
30114,6.569033633075943e-05
30115,-0.00010391853088081662
30116,-1.2318578201401547e-05
30117,-4.707795311906964e-05
30118,-0.00011374281184141413
30119,2.6518369749575415e-05
30120,2.2619501320629416e-05
30121,2.9579073348463915e-05
30122,-0.00013536868329642822
30123,-0.00023710791114127941
30124,-9.81125691842411e-05
30125,-3.777691524623069e-05
30126,1.7828508552510453e-05
30127,0.00013081031434154848
30128,-0.00020677839920023647
30129,-0.00015172038127754
30130,-8.120503929744611e-06
30131,-0.0002422560231758042
30132,9.471260974258079e-05
30133,0.00012970815417248129
30134,4.947972138624626e-05
30135,6.532337497231879e-05
30136,-0.00010093418937366162
30137,4.06124997490459e-05
30138,6.236002796214003e-05
30139,7.942262579843607e-05
30140,6.375265950829187e-05
30141,0.00019955568180634822
30142,4.8569990850341604e-05
30143,0.00016237988130066158
30144,7.461109084154881e-05
30145,2.181491808549744e-05
30146,0.00012608604478935422
30147,6.121639264444638e-05
30148,9.486268199074551e-05
30149,-0.00016438229160210837
30150,-9.808523713092181e-05
30151,-0.00014367776214249485
30152,0.00017840990220799495
30153,7.636319825647953e-06
30154,4.642257978310913e-05
30155,0.00013808931494300116
30156,-7.914224543472129e-05
30157,0.00011610415902449881
30158,5.7474045598039164e-05
30159,-7.466131848250696e-05
30160,-0.00017522137184908064
30161,-0.00010624198272425621
30162,6.025233040816457e-05
30163,-7.693507183202276e-05
30164,6.82991269191382e-05
30165,-5.97214419346948e-05
30166,-4.213828432789034e-05
30167,0.00021614072375809707
30168,1.195234444515988e-05
30169,-4.13498910877905e-05
30170,0.0001960035471553701
30171,0.0001379374893857356
30172,4.605064997896016e-05
30173,6.225455813166239e-05
30174,-0.00010285873954331242
30175,0.00010990711245175837
30176,-4.050061045636652e-05
30177,3.2468704214943976e-05
30178,-2.8418671805967855e-05
30179,-1.0922886658796365e-05
30180,9.585892931174213e-05
30181,5.030662973154482e-05
30182,1.2071602937460442e-05
30183,-8.128664928642491e-05
30184,2.0431334797459865e-05
30185,7.207749008324933e-05
30186,9.077188990924572e-05
30187,0.0001934044136208197
30188,-0.00010941862118199046
30189,-2.6656028363405734e-05
30190,7.652916525076447e-05
30191,3.3973786084354463e-06
30192,-5.9290409867322336e-05
30193,-0.00013668462876561605
30194,-0.00012071737595659023
30195,-3.358669488359598e-05
30196,-5.4765564124143274e-05
30197,-0.0002214395524434584
30198,-4.2678797888010653e-05
30199,-7.651471283162419e-05
30200,-2.5404533138848735e-05
30201,-4.985057185431734e-05
30202,-4.288933135917492e-05
30203,4.6507917243573386e-05
30204,-0.00010971663737941722
30205,1.7100852806569932e-05
30206,-1.1933339082554645e-06
30207,-0.0001542969989939602
30208,7.659422763318321e-05
30209,5.5836155735488896e-05
30210,-0.00015248677097542366
30211,-1.6859015477608408e-05
30212,-6.120614574081301e-05
30213,-2.0891100489043163e-05
30214,0.00011381640488803392
30215,7.767476955673264e-05
30216,6.332584973415708e-05
30217,0.00012328849501133557
30218,4.977387472522048e-05
30219,-5.394966340465171e-05
30220,3.6713836243750616e-05
30221,7.846934281324674e-06
30222,0.000131797559037942
30223,0.00015978157982517245
30224,-2.2919364857384456e-06
30225,-0.00015594389442804594
30226,7.524595746459627e-05
30227,-0.00010030544879798762
30228,-3.574095881938467e-05
30229,-8.882055975293852e-05
30230,-3.898521212444379e-05
30231,-4.8094587227398215e-05
30232,0.00012268461086434887
30233,-1.527449540569777e-05
30234,0.0001004578778871176
30235,-1.070843707651221e-05
30236,2.1645508387311107e-05
30237,6.937033361120631e-05
30238,4.471737085298468e-05
30239,-4.78120464578457e-05
30240,0.00012326969374686309
30241,-4.857788860557542e-05
30242,-2.383898046725178e-06
30243,7.710364373814421e-05
30244,4.5173983868635186e-05
30245,0.00011587250628332313
30246,9.273910552858952e-06
30247,-9.196997129966007e-05
30248,2.1122073001173806e-05
30249,-7.137842167608216e-05
30250,-3.640789056724249e-05
30251,-1.833063312512682e-06
30252,1.0471412529982883e-05
30253,-0.00016604836703292678
30254,-8.251485292015748e-05
30255,-0.00010062866153543193
30256,6.520956518186774e-05
30257,9.04729268738057e-05
30258,-2.4750341251694754e-05
30259,9.948168250696334e-05
30260,-0.00011024127930742283
30261,6.0132073690597826e-05
30262,4.6439441003765414e-05
30263,8.522497695676292e-05
30264,5.016728060312187e-06
30265,-1.6821528250514132e-05
30266,1.860058028223107e-05
30267,3.936239658297235e-05
30268,0.00010932104312367938
30269,7.956082968933575e-05
30270,0.00012637928256110765
30300,-0.00012371933147594307
30330,-1.2706094459476787e-05
30360,-0.00016294042235542183
30390,4.7554746477990206e-05
30420,-1.2402181561425751e-05
30450,6.646943381338816e-05
30480,0.0001867501037579382
30510,-0.0002142650326515229
30540,3.3512786609797894e-05
30570,-3.1695510550923655e-05
30600,-7.07619542192466e-05
30630,-2.2176139277451116e-05
30660,6.689441903844751e-05
30690,2.7244383610298175e-05
30720,-0.00013632806730945823
30750,0.00015222775138576085
30780,-0.00011909331576044011
30810,-0.00016350691998813198
30840,-1.2642139199993167e-05
30870,-3.0882407883140234e-05
30900,-5.122580497596069e-05
30930,5.3225478962908905e-05
30960,7.370952806708387e-05
30990,-4.854589505949675e-05
31020,-0.00014944550508610107
31050,3.9633739492950624e-05
31080,0.00019557069278825883
31110,-0.00022062946954621527
31140,3.875912102089992e-05
31170,7.277195056648072e-05
31200,0.0001021710946873486
31230,-4.823456654127558e-05
31260,-5.021495363772339e-05
31290,8.396964946810387e-05
31320,-8.82418285111396e-05
31350,0.00016623997030159186
31380,6.599962365952478e-05
31410,-2.8607415738125724e-05
31440,-0.00015067447616790345
31470,-0.00015873723780480387
31500,-1.7595933610165993e-05
31530,2.381827907594068e-06
31560,-0.00013062536725197177
31590,-0.0001251310365099049
31620,-5.499432999930989e-05
31650,0.0001026896024950343
31680,-8.8968883681922e-05
31710,-9.580314043255535e-06
31740,1.1492304821202186e-05
31770,2.1224663391631068e-06
31800,-9.309891488020467e-05
31830,-4.469595650049317e-05
31860,-0.00010437848650351702
31890,-0.00017834760652450071
31920,-0.00019344940604667653
31950,-1.6971939433942473e-05
31980,0.00037248286447470145
32010,0.00019010992627759794
32040,-9.224933840789947e-05
32070,7.944544059879348e-06
32100,-0.00010738251963370795
32130,0.00011599724345169292
32160,2.2657439472083077e-05
32190,9.121678999491866e-05
32220,1.4130051876678228e-05
32250,-7.397533623531486e-06
32280,-0.00014633327630083238
32310,1.8464255536554595e-05
32340,-9.960067280983134e-06
32370,0.00013136461605250442
32400,-3.603936606316333e-06
32430,-2.9863282097178623e-05
32460,2.5161614702273432e-05
32490,5.058590968659287e-05
32520,-0.0002896948123847711
32550,7.34514472563431e-05
32580,3.270223748625553e-05
32610,-5.527366893951155e-05
32640,1.0287409637864199e-05
32670,8.101020754085786e-05
32700,0.0001432557159543799
32730,-0.0001053926378647403
32760,2.1417631938946835e-05
32790,4.2730780739507054e-05
32820,-0.00020559827474893024
32850,0.00017258779339262567
32880,7.470227297187787e-05
32910,-1.3787676301984631e-05
32940,-4.631259668021217e-06
32970,7.073611554217143e-05
33000,-9.156325830734397e-05
33030,-9.189562602598704e-05
33060,0.00013080801978406295
33090,-7.90884834612942e-05
33120,1.3472495240642346e-05
33150,2.029307431081877e-05
33180,-0.00011444529035392948
33210,-6.621215584577863e-05
33240,-0.0001307539541985876
33270,1.6398364075478666e-05
33300,6.104719890194506e-06
33330,8.936979155939086e-05
33360,-0.00013366684729886543
33390,-7.919000957035686e-05
33420,7.32866298043924e-05
33450,-5.645119599325313e-05
33480,6.503143590393135e-05
33510,3.4140000965619845e-05
33540,0.00016973186060921598
33570,5.542963984744002e-05
33600,7.758916721198953e-05
33630,6.231821154600144e-05
33660,-0.00012756113267432999
33690,0.0001142165576438679
33720,1.3671869925176894e-05
33750,0.00014894772099234438
33780,6.019591403302746e-05
33810,0.0001358846626804967
33840,3.695479623950598e-05
33870,2.5238191108623396e-06
33900,-0.00012105739405367817
33930,-0.00010961089552141477
33960,-4.370142940241326e-05
33990,-4.182752431748963e-05
34020,-5.066801693325364e-05
34050,-5.336918013472658e-06
34080,7.406340015424604e-05
34110,-0.0001070697610079318
34140,-5.747160040385183e-05
34170,-6.065646920012096e-06
34200,-8.320130817714524e-05
34230,-2.83031592626562e-06
34260,6.236556092880502e-05
34290,-0.00018145057405692701
34320,-4.994400545379362e-05
34350,-0.00014310898598453287
34380,-3.7048758506117455e-05
34410,8.14154916426369e-05
34440,7.009689361896123e-05
34470,-2.0668648861559185e-05
34500,0.00018953756402442632
34530,-6.712183510502398e-05
34560,-8.90076831029887e-06
34590,-0.0001580643954680676
34620,0.00011658844113450142
34650,3.674136511920964e-05
34680,-9.948905574635946e-06
34710,-4.88932301654648e-05
34740,-9.77897904023339e-05
34770,-7.65468568138016e-05
34800,-6.55781501501577e-05
34830,3.798818773890977e-05
34860,3.5963796252342464e-05
34890,-8.340117167451263e-05
34920,0.00019840495841018098
34950,1.2514140569115895e-05
34980,0.00011193974952570206
35010,4.433649858263222e-05
35040,-5.8810837972960784e-05
35070,-4.2149721197652006e-05
35100,9.233719818453457e-05
35130,9.760309542427895e-05
35160,-0.0001576979270360724
35190,-7.105022144751859e-05
35220,-0.00016550734947917115
35250,-1.5129718156345197e-05
35280,-4.591138126807586e-05
35310,4.19605891922215e-05
35340,0.00034921768279170184
35370,-0.00011401064669054435
35400,-0.0001287676963886471
35430,1.0790097766053659e-05
35460,-7.939472405122767e-05
35490,-7.250023275539757e-05
35520,0.00015575307546087424
35550,-0.00020684019271633076
35580,0.00010133251555569849
35610,4.269616608741001e-05
35640,-1.0419318291464621e-05
35670,3.1900023422347174e-05
35700,-0.0001998628835836128
35730,-4.568357253462982e-05
35760,-2.5695618662394172e-05
35790,-5.080521833105712e-05
35820,-0.00017014658000573044
35850,0.00024952163170345555
35880,1.4909833453413871e-06
35910,0.00013102702721082661
35940,2.0867492853194503e-05
35970,0.00024993317802611916
36000,3.745752887738753e-06
36030,-8.449906327074923e-05
36060,7.479268238643651e-05
36090,-6.321390307675806e-06
36120,-4.063989168160488e-05
36150,7.097468942016774e-05
36180,5.4599144659564164e-05
36210,-1.5256860298106551e-05
36240,2.7032561814391966e-05
36270,8.372139501565054e-05
36300,-6.903744350879016e-05
36330,0.0001214245448558321
36360,0.00018031906244560562
36390,0.00012540052482630943
36420,-2.2761186891915278e-05
36450,-0.00013856204145170956
36480,-0.00010645880675893439
36510,-1.2020884604378313e-05
36540,-0.00012246416819500054
36570,4.1841282038905185e-05
36600,-3.541984489023876e-05
36630,0.00013241119540232077
36660,-1.7349787632872202e-05
36690,8.767469496697209e-05
36720,-9.90943349627931e-05
36750,6.571402578011562e-05
36780,2.0312930333876144e-05
36810,-0.00019630963882768057
36840,-0.00012649238706244616
36870,-6.0161350681582686e-05
36900,-4.390764078412887e-06
36930,9.783328048517844e-05
36960,3.553319375703296e-05
36990,-1.585551927146309e-05
37020,-1.1483105326673276e-05
37050,-1.7967179292342907e-05
37080,-5.301080884618388e-05
37110,-4.692307803453609e-05
37140,0.00011350541487596482
37170,-8.819652298982048e-05
37200,2.6051057036551597e-05
37230,2.3248605493770206e-05
37260,0.00021314276967649134
37290,0.00016409576486043622
37320,-4.703485230716582e-06
37350,-7.970717836380294e-05
37380,1.7226140020173042e-05
37410,-6.540499601748726e-05
37440,-0.00012258319498587283
37470,0.00012892870228263986
37500,-5.4250914054708677e-05
37530,-1.8515759428609287e-05
37560,1.711939206846608e-05
37590,4.338245313754303e-06
37620,-3.315836831379208e-05
37650,-0.00015258061660566237
37680,3.2952602914354974e-06
37710,4.651105047233443e-05
37740,0.0001199012387597729
37770,-7.063493690170525e-05
37800,1.4050091424302708e-05
37830,-5.473397697860535e-05
37860,-6.104073761349112e-05
37890,-9.802099237465688e-05
37920,-0.00014393313194948533
37950,-1.0327916903773562e-05
37980,-3.2646257593379284e-05
38010,1.6098227466203165e-05
38040,-0.00011316398292898822
38070,-5.6850986843685375e-05
38100,2.2353818158876186e-05
38130,1.8073482500178864e-05
38160,0.00022261450821121272
38190,0.00012400733364911556
38220,-3.3468430081429843e-06
38250,-4.091126691995616e-05
38280,-3.447929961316927e-05
38310,6.591919156081807e-05
38340,-7.42726715391246e-05
38370,1.9472783169952046e-05
38400,-2.5307866587534042e-05
38430,-3.77029655910139e-05
38460,4.334219848801057e-05
38490,-1.1468552307705216e-05
38520,-5.725506816785942e-05
38550,-0.00011121682570394794
38580,1.4392182988217558e-06
38610,-4.841791449668056e-06
38640,-9.774894120092035e-06
38670,7.840687385803801e-05
38700,6.75645569841298e-05
38730,0.00013316213844717244
38760,-0.00021514557614045425
38790,0.0001031493246053069
38820,-7.93001283099966e-05
38850,0.00012699025743806457
38880,-8.999833434526718e-06
38910,7.022941144961771e-05
38940,-9.730586417338626e-05
38970,-4.9329044801708555e-05
39000,-3.6112793666977085e-05
39030,1.6787320231419704e-05
39060,-2.3293903268206724e-05
39090,-0.00012180198829165714
39120,0.00015870778556707776
39150,-1.3918739680192225e-05
39180,-4.620243623472286e-05
39210,1.7302009889676105e-05
39240,-1.9607085739335984e-05
39270,6.608188332846886e-06
39300,-4.1524821931542377e-05
39330,9.396423065400711e-05
39360,-1.2084313576984842e-05
39390,-0.00013237465526496367
39420,-4.683766045620098e-05
39450,-7.3970552666081e-05
39480,-2.427747241494612e-05
39510,-0.00015982759920987361
39540,8.225088943723704e-05
39570,6.637334642157805e-05
39600,6.0887554872542765e-05
39630,0.0001459501595966195
39660,3.791708127781542e-05
39690,5.5993225422431134e-06
39720,6.172685306227678e-05
39750,9.55125281354049e-05
39780,3.482271147654337e-05
39810,-3.174189818549638e-05
39840,-0.00019444858741732516
39870,-8.358880078020288e-05
39900,-0.00018060137725123393
39930,0.00011927374334484205
39960,5.267685053401314e-05
